"","scenarios","loss_ratios","case_ratios","perc_change_loss","perc_change_case"
"1","Frictionless baseline",0.91,0.00318636172484066,1,1
"2","Improving test quality",0.787669708435344,0.00269340602284529,0.865571108170708,0.845291983596112
"3","Improving test quality and delays",0.780429046690375,0.00273755143033017,0.85761433702239,0.859146470718751
"4","Limited and delayed testing",0.11413505698248,0.000949802915894971,0.125423139541187,0.298083832883873
