"","scenarios","loss_ratios","case_ratios","perc_change_loss","perc_change_case"
"1","Frictionless baseline",0.91,0.00318636172484066,1,1
"2","Improving test quality",0.394239760613428,-0.000154290034406701,0.433230506168602,-0.0484220084630902
"3","Improving test quality and delays",0.385221674876847,-0.0000614165732621963,0.423320521842689,-0.0192748277081654
"4","Limited and delayed testing",-0.00611246943765287,-0.00307351856405202,-0.00671699938203612,-0.964585577365898
