"","scenarios","loss_ratios","case_ratios","perc_change_loss","perc_change_case"
"1","Baseline",0.91,0.00318636172484066,1,1
"2","Partial compliance, improving information",0.849896480331263,0.00301507537688439,0.933952176188201,0.946243909904851
"3","Partial compliance, perfect information",0.680271545657753,0.000744023549962836,0.747551149074454,0.233502538071079
"4","Low compliance, perfect information",0,0,0,0
